{
  "summary": {
    "n_train": 57944,
    "n_test": 14487,
    "n_features": 24,
    "best_alpha": 0.001
  },
  "ridge_regression": {
    "ratio_scale": {
      "MAE": 0.27319157858772347,
      "MSE": 0.12430392668983133,
      "RMSE": 0.3525676200246292,
      "MAPE": 0.2960460631185018,
      "R2": 0.4465640212308697
    },
    "rupiah_scale": {
      "MAE": 438882.2710011778,
      "MSE": 320808825842.01935,
      "RMSE": 566399.8815695668,
      "MAPE": 0.2960460631185018,
      "R2": 0.4465640212308697
    }
  }
}