{
  "summary": {
    "n_train": 1324,
    "n_test": 332,
    "n_features": 36,
    "best_alpha": 1.0
  },
  "ridge_regression": {
    "ratio_scale": {
      "MAE": 0.06264849767223381,
      "MSE": 0.0073628869208679434,
      "RMSE": 0.08580726613095153,
      "MAPE": 0.05594065048059703,
      "R2": 0.8770329621116871
    },
    "rupiah_scale": {
      "MAE": 41749.69592608706,
      "MSE": 3340463281.634865,
      "RMSE": 57796.74109874072,
      "MAPE": 0.05594065048059703,
      "R2": 0.9626517849757015
    }
  },
  "ols_baseline": {
    "ratio_scale": {
      "MAE": 0.06268605734750839,
      "MSE": 0.007385207381755632,
      "RMSE": 0.08593722931160645,
      "MAPE": 0.055971767781112,
      "R2": 0.8766601897210258
    },
    "rupiah_scale": {
      "MAE": 41796.61677928912,
      "MSE": 3350551087.4844737,
      "RMSE": 57883.94498895591,
      "MAPE": 0.055971767781112,
      "R2": 0.9625389977632014
    }
  }
}