{
  "summary": {
    "n_train": 1324,
    "n_test": 332,
    "n_features": 36,
    "best_alpha": 1.0
  },
  "ridge_regression": {
    "ratio_scale": {
      "MAE": 0.06264849767223381,
      "MSE": 0.0073628869208679434,
      "RMSE": 0.08580726613095153,
      "MAPE": 0.05594065048059703,
      "R2": 0.8770329621116871
    },
    "rupiah_scale": {
      "MAE": 41749.69592608706,
      "MSE": 3340463281.634865,
      "RMSE": 57796.74109874072,
      "MAPE": 0.05594065048059703,
      "R2": 0.9626517849757015
    }
  }
}